match_id,ol_position
1002779,2
1002782,8
1002795,10
1002800,11
1002811,14
1002824,12
1002832,13
1002843,9
1002847,5
1002862,9
1002873,5
1002885,6
1002890,8
1002900,4
1002912,5
1002921,8
1002936,7
1002940,7
1002953,7
1002871,8
1002964,5
1002971,7
1002976,5
1002986,5
1002996,4
1003004,3
1003017,5
1003021,5
1003031,4
1003040,3
1003055,3
1003059,2
1003069,2
1003079,2
1002374,1
1002472,15
1002484,7
1002487,4
1002500,3
1002503,2
1002512,3
1002526,3
1002533,4
1002547,1
1002553,3
1002562,3
1002574,4
1002580,3
1002591,2
1002593,2
1002609,2
1002616,2
1002631,2
1002626,2
1002650,2
1002656,2
1002670,2
1002674,2
1002644,2
1002691,2
1002700,2
1002714,2
1002721,2
1002731,2
1002745,2
1002750,2
1002755,2
1002767,2
992389,1
1001755,7
1001760,2
1001970,6
1001983,3
1001985,5
1001999,3
1002005,6
1002079,10
1002085,10
1002091,9
1002103,6
1002111,4
1002122,5
1002134,2
1002145,2
1002159,2
1002162,1
1002177,2
1002187,4
1002191,5
1002203,2
1002212,5
1002225,2
1002234,2
1002241,5
1002255,5
1002264,5
1002280,4
1002284,3
1002300,3
1002301,3
1002311,1
1002324,1
1002338,2
1002350,1
1002356,1
1002366,1
338,1
602,17
793,8
989,4
1185,6
1397,8
1613,11
1799,7
2001,3
2216,3
2411,5
2620,3
2836,2
3026,2
3210,2
3606,2
3805,2
3981,2
4164,2
4366,2
3507,2
4523,2
4734,2
4942,3
5133,2
5328,2
5534,2
5734,2
5945,2
6154,1
6355,1
6584,2
6792,1
7006,1
7206,1
7252,1
7282,1
7341,1
24141,1
24293,4
24104,7
24294,10
24068,6
24295,3
24030,3
24012,2
24372,3
24013,2
24373,1
24298,1
24260,1
24015,1
24129,1
24016,1
24338,1
24056,1
24036,1
24246,1
24302,1
24323,1
24303,1
24191,1
24304,1
24040,1
24305,1
24364,1
24306,1
24231,1
24307,1
24289,1
24308,1
24100,1
24309,1
24310,1
24065,1
24311,1
39211,1
39221,4
39231,4
39238,3
39251,2
39252,1
39262,1
39281,1
39291,1
39294,1
39305,1
39315,1
39325,1
39340,1
39346,1
39356,1
39366,1
39380,1
39386,1
39401,1
39405,1
39417,1
39425,1
39444,1
39455,1
39463,1
39476,1
39482,1
39495,1
39508,1
39516,1
39531,1
39536,1
39547,1
39437,1
39556,1
39588,1
39603,1
57656,1
57667,1
57685,4
57686,2
57700,2
57707,2
57720,1
57734,1
57739,1
57748,1
57760,1
57771,1
57781,1
57794,1
57800,1
57807,1
57819,1
57828,1
57839,1
57855,1
57858,1
57870,1
57884,1
57890,1
57896,1
57909,1
57922,1
57930,1
57940,1
57965,1
57970,1
57951,1
57976,1
57989,1
58001,1
58009,1
58019,1
58028,1
74241,1
74242,2
82644,4
82674,8
82729,7
82971,4
82981,2
82987,1
82712,7
82995,2
83007,2
83022,1
83028,1
83039,1
83051,1
83059,1
83066,1
83078,1
83090,1
83099,1
83107,1
83118,1
83132,1
83137,1
83146,1
83157,1
83168,1
83177,1
83191,1
83197,1
83214,1
83218,1
83229,1
83243,1
83248,1
83261,1
83268,1
83275,1
912742,3
912751,1
912762,3
912776,2
912782,2
912789,1
912802,1
912815,1
912822,1
912828,1
912846,1
912852,1
912862,1
912872,1
912885,1
912892,1
912905,1
912911,1
912918,1
912932,1
912939,1
912952,1
912965,1
912970,1
912983,1
912992,1
913000,1
913012,1
913022,1
913031,1
913042,1
913048,2
913062,3
913077,3
913081,3
913093,3
913102,3
913117,3
958354,2
958359,10
958371,8
958383,2
958390,3
958401,2
958414,2
958418,2
958431,1
958444,1
958466,4
958469,2
958484,2
958494,3
958499,2
958509,3
958453,4
958522,4
958533,4
958546,6
958554,5
958563,5
958576,5
958580,5
958596,5
958601,5
958613,4
958619,5
958632,6
958642,6
958651,6
958659,2
958670,3
958690,3
958698,3
1019252,2
958681,3
1019256,3
1036778,3
1039590,14
1039594,16
1039685,10
1039696,17
1040689,16
1040695,17
1040704,18
1040715,17
1040720,14
1040734,14
1040746,10
1042660,11
1042666,9
1042684,8
1042688,8
1042701,5
1043133,3
1043140,4
1043147,4
1043163,4
1043189,3
1043447,6
1043455,4
1043462,4
1043474,5
1043489,3
1043494,3
1043504,4
1043515,4
1043525,3
1043535,3
1043549,3
1043556,3
1043900,3
1043912,3
1043922,3
1043936,3
1136053,4
1136117,3
1136106,6
1136130,5
1141149,2
1141166,2
1141170,1
1141323,3
1141338,1
1141340,3
1158434,3
1159402,5
1159765,4
1159784,4
1159794,5
1159807,5
1159815,4
1159832,4
1159836,4
1163580,4
1163589,4
1163598,4
1163608,4
1163615,4
1163628,6
1163640,5
1163648,7
1163662,7
1163668,5
1163681,5
1163689,4
1163702,4
1163710,4
1163729,4
1163738,4
1163715,4
1163744,4
1163758,4
2229836,3
2229838,7
2229854,1
2223889,2
2223854,2
2223845,2
2223867,2
2223864,3
2223907,3
2223913,2
2223930,1
2223941,1
2223956,1
2223923,3
2223964,1
2223966,1
2223988,1
2223894,1
2223995,2
2224006,2
2224022,1
2224021,2
2224025,2
2224040,2
2224051,2
2224104,2
2224094,2
2224085,2
2224074,2
2224064,2
2224172,3
2224155,4
2224156,3
2224137,3
2224140,3
2224126,3
2224180,3
2224185,3
2353758,5
2353764,1
2330833,1
2330841,3
2330846,9
2330856,9
2330871,8
2330901,9
2330909,9
2330910,14
2330886,12
2330937,14
2330895,13
2330921,8
2330931,8
2330955,10
2330972,12
2330958,11
2330988,11
2330983,11
2331026,9
2331002,7
2331017,6
2331032,7
2331083,6
2331098,6
2331072,6
2331101,6
2331048,5
2331052,5
2331134,5
2331135,5
2331141,5
2331126,5
2331167,5
2331150,5
2331158,5
2331180,5
2482113,2
2482124,2
2482129,10
2482140,13
2482149,17
2482163,13
2482169,12
2482183,8
2482189,10
2482202,6
2482209,4
2482224,3
2482229,3
2482235,3
2482253,3
2482259,3
2482267,3
2482279,3
2482285,3
2482304,2
2482309,1
2482320,1
2482329,1
2482343,1
2482349,1
2482363,1
2482369,1
2482382,1
2482389,1
2482404,1
2482409,2
2482415,2
2482433,2
2482439,2
2482447,2
2482459,2
2482465,2
2482479,2
2586774,2
2586780,9
2586793,7
2586801,12
2586813,5
2586841,6
2586880,7
2586904,4
2586912,8
2586935,6
2586964,6
2586983,4
2586996,2
2587003,2
2587013,2
2600608,4
2600618,4
2600626,5
2600639,6
2609666,9
2609670,6
2609686,9
2609697,9
2609706,11
2609710,10
2609726,6
2609734,5
2609747,6
2609755,3
2609768,3
2609776,4
2609783,4
2609794,3
2609806,2
2609819,3
2609826,2
2609837,2
2609848,2
2698549,4
2701603,1
2701616,1
2701623,1
2701635,6
2701642,5
2701652,4
2701662,7
2701674,4
2702719,5
2702738,8
2702750,7
2702761,5
2702774,4
2702789,4
2702805,4
2702818,4
2702824,4
2716703,4
2716706,4
2717377,4
2735501,4
2735515,4
2735530,4
2735535,4
2735546,4
2735552,4
2735567,4
2735574,4
2735586,4
2817414,4
2735595,4
2848788,4
2735616,4
2735625,4
2735636,4
2735643,4
2735655,4
2890516,3
2891823,1
2901016,1
2901097,4
2901110,4
2901127,3
2901143,5
2901315,7
2903931,8
2903944,6
2942657,4
2942669,3
2942674,3
2942685,3
2942695,2
2942708,3
2942718,2
2942726,2
2942733,3
2942746,3
2942751,3
2942765,2
2942775,2
2942780,2
2942797,4
2942805,4
2942815,4
2942824,4
2942835,4
2942847,4
2942854,4
2942863,4
2942873,3
2942881,3
2942894,3
2942905,2
2942917,2
2942926,3
3047434,3
3047447,5
3047454,10
3047464,4
3047473,8
3047514,7
3047524,6
3047534,2
3047549,5
3047553,6
3047562,5
3047573,4
3047583,4
3047594,4
3047604,2
3047615,3
3047693,4
3047704,3
3047715,3
3047660,4
3047730,4
3047731,3
3047745,3
3047756,3
3047765,3
3047774,3
3047786,3
3047799,3
3047806,3
3047816,3
3047824,3
3047836,3
3047842,3
3047852,3
3047862,3
3047875,3
3047883,3
3047897,3
3195016,7
3195256,1
3199384,1
3199392,2
3199405,5
3199409,8
3199418,9
3199432,11
3199445,11
3199455,14
3199461,17
3199472,13
3199477,11
3199489,14
3199497,10
3199513,8
3199518,10
3199530,7
3199543,8
3199550,12
3199565,7
3199569,5
3199589,6
3199592,6
3199609,9
3199619,11
3199629,7
3199642,5
3394578,14
3394583,9
3393965,4
3394595,11
3394604,12
3394617,11
3394627,14
3394638,9
3394649,7
3394655,7
3394670,6
3394680,5
3394684,4
3394699,4
3394711,3
3394723,3
3394725,2
3394741,1
3394748,1
3394760,1
3394765,3
3394776,3
3394790,2
3394797,2
3394807,2
3394823,3
3394839,2
3394858,3
3394891,3
3394911,3
3394915,3
3394925,4
3394940,4
3394945,4
3394963,4
3394977,4
3394992,4
3394994,4
3588765,8
3588781,15
3588816,18
3588835,17
3588843,13
3588917,9
3588932,12
3589100,8
3589116,7
3589120,11
3589133,7
3589141,9
3589174,6
3589228,7
3589259,6
3589272,6
3589289,10
3589305,9
3589327,11
3589340,11
3589355,10
3589203,11
3589363,7
3589383,8
3589399,7
3589421,8
3589431,10
3589443,9
3589463,10
3589473,10
3589506,9
3589525,10
3589536,8
3589553,8
3589565,8
3589576,7
3589582,8
3589600,8
3839732,7
3839821,8
3839848,5
3839867,5
3840013,4
3839777,7
3840018,4
3840033,5
3840045,6
3840054,7
3840066,9
3840073,10
3840083,8
3840095,8
3840103,8
3840116,8
3840124,8
3840133,8
3840143,8
3840149,9
3840164,9
3840178,10
3840186,9
3840189,9
3840201,9
3840211,9
3840226,10
3840232,10
3840253,10
3840262,9
3840275,7
3840283,7
3840291,7
3840411,7
3840416,7
3840431,7
3840439,7
3840450,7
4094579,6
4094591,14
4094601,17
4094608,17
4094619,18
4094631,16
4094639,17
4094644,18
4094655,18
4094674,18
4094677,18
4094690,18
4094700,18
4094660,18
4094708,18
4094716,18
4094725,16
4094737,15
4094744,16
4094753,16
4094766,15
4094771,13
4094784,11
4094788,10
4094797,11
4094804,10
4094816,10
4094827,10
4094835,10
4094839,7
4094853,9
4094859,8
4094871,7
4094879,7
4363751,6
4363759,17
4363762,17
4363772,14
4363779,13
4363794,14
4363797,11
4363808,8
4363818,7
4363829,6
4363834,6
4363850,5
4363859,6
4363863,5
4363877,5
4363879,5
4363893,5
4363899,6
4363906,6
4363914,6
4363929,7
4363934,6
4363949,6
4363952,6
4363963,6
4363972,6
4363980,5
4363990,7
4363997,5
4364004,4
4364021,6
4364022,5
4364039,7
4364041,7
4635007,4
4635021,3
4635032,1
4635041,2
4635049,4
4635058,3
4635062,2
4635070,4
4635078,5
4635091,4
4635101,5
4635106,6
4635120,6
4635123,7
4635138,6
4635145,5
4635152,5
4635161,5
4635173,4
4635178,4
4635191,4
4635195,3
4635204,3
4635221,3
4635225,3
4635233,4
4635240,4
4635251,4
4635259,6
4635275,5
4635281,3
4635290,3
4635296,3
4635311,4
